{"cameraMode":{"drawMode":0,"name":"Shaded","section":"Shading Mode"},"sceneLighting":false,"audioPlay":false,"sceneViewState":{"showFog":true,"showMaterialUpdate":false,"showSkybox":true,"showFlares":true,"showImageEffects":true,"showParticleSystems":true},"in2DMode":false,"pivot":{"x":0.10089445114135742,"y":1.4696989059448243,"z":0.050800010561943057},"rotation":{"x":0.07144371420145035,"y":0.9042401313781738,"z":-0.16772302985191346,"w":0.3864140510559082},"size":8.290546417236329,"orthographic":true}