{"cameraMode":{"drawMode":0,"name":"Shaded","section":"Shading Mode"},"sceneLighting":true,"audioPlay":false,"sceneViewState":{"showFog":true,"showMaterialUpdate":false,"showSkybox":true,"showFlares":true,"showImageEffects":true,"showParticleSystems":true},"in2DMode":false,"pivot":{"x":-0.2861328125,"y":0.3232421875,"z":0.14111328125},"rotation":{"x":0.28737860918045046,"y":-0.22679579257965089,"z":0.07019943743944168,"w":0.9279661178588867},"size":8.262450218200684,"orthographic":true}