{"cameraMode":{"drawMode":0,"name":"Shaded","section":"Shading Mode"},"sceneLighting":false,"audioPlay":false,"sceneViewState":{"showFog":true,"showMaterialUpdate":false,"showSkybox":false,"showFlares":true,"showImageEffects":true,"showParticleSystems":true},"in2DMode":false,"pivot":{"x":3.9977166652679445,"y":0.3956097364425659,"z":4.001946926116943},"rotation":{"x":0.3642709255218506,"y":-0.06677744537591934,"z":0.02592509239912033,"w":0.9286099672317505},"size":4.727942943572998,"orthographic":true}