{"cameraMode":{"drawMode":0,"name":"Shaded","section":"Shading Mode"},"sceneLighting":false,"audioPlay":false,"sceneViewState":{"showFog":true,"showMaterialUpdate":false,"showSkybox":true,"showFlares":true,"showImageEffects":true,"showParticleSystems":true},"in2DMode":false,"pivot":{"x":4.159451961517334,"y":0.3680804669857025,"z":4.136857032775879},"rotation":{"x":-0.3154316842556,"y":0.04900851473212242,"z":-0.016106748953461648,"w":-0.9476492404937744},"size":6.614194393157959,"orthographic":true}