{"cameraMode":{"drawMode":0,"name":"Shaded","section":"Shading Mode"},"sceneLighting":false,"audioPlay":false,"sceneViewState":{"showFog":true,"showMaterialUpdate":false,"showSkybox":true,"showFlares":true,"showImageEffects":true,"showParticleSystems":true},"in2DMode":false,"pivot":{"x":-0.06214745342731476,"y":0.22839240729808808,"z":4.256662368774414},"rotation":{"x":-0.0909019187092781,"y":0.4350724518299103,"z":-0.04323139041662216,"w":-0.8949002027511597},"size":4.615220069885254,"orthographic":false}