{"cameraMode":{"drawMode":0,"name":"Shaded","section":"Shading Mode"},"sceneLighting":false,"audioPlay":false,"sceneViewState":{"showFog":true,"showMaterialUpdate":false,"showSkybox":false,"showFlares":true,"showImageEffects":true,"showParticleSystems":true},"in2DMode":false,"pivot":{"x":-0.005604356527328491,"y":0.007479071617126465,"z":0.0},"rotation":{"x":0.1842549443244934,"y":-0.2001369446516037,"z":0.03828512504696846,"w":0.9615668058395386},"size":0.7737088799476624,"orthographic":true}