{"cameraMode":{"drawMode":0,"name":"Shaded","section":"Shading Mode"},"sceneLighting":false,"audioPlay":false,"sceneViewState":{"showFog":true,"showMaterialUpdate":false,"showSkybox":true,"showFlares":true,"showImageEffects":true,"showParticleSystems":true},"in2DMode":false,"pivot":{"x":3.880859375,"y":-0.260986328125,"z":3.9970703125},"rotation":{"x":0.25813600420951846,"y":0.04049691930413246,"z":-0.011062541976571083,"w":0.9652977585792542},"size":2.4756479263305666,"orthographic":true}