{"cameraMode":{"drawMode":0,"name":"Shaded","section":"Shading Mode"},"sceneLighting":false,"audioPlay":false,"sceneViewState":{"showFog":true,"showMaterialUpdate":false,"showSkybox":true,"showFlares":true,"showImageEffects":true,"showParticleSystems":true},"in2DMode":false,"pivot":{"x":-0.061932969838380817,"y":-0.026477837935090066,"z":1.0276139974594117},"rotation":{"x":0.010807795450091362,"y":0.007467627990990877,"z":-0.0007285401225090027,"w":1.0000392198562623},"size":6.512691020965576,"orthographic":false}