{"cameraMode":{"drawMode":0,"name":"Shaded","section":"Shading Mode"},"sceneLighting":true,"audioPlay":false,"sceneViewState":{"showFog":true,"showMaterialUpdate":false,"showSkybox":true,"showFlares":true,"showImageEffects":true,"showParticleSystems":true},"in2DMode":false,"pivot":{"x":0.0,"y":0.33000001311302187,"z":-5.559999942779541},"rotation":{"x":0.21165525913238526,"y":-0.5280047059059143,"z":0.13778755068778993,"w":0.8108586072921753},"size":12.660858154296875,"orthographic":false}