{"cameraMode":{"drawMode":0,"name":"Shaded","section":"Shading Mode"},"sceneLighting":false,"audioPlay":false,"sceneViewState":{"showFog":true,"showMaterialUpdate":false,"showSkybox":true,"showFlares":true,"showImageEffects":true,"showParticleSystems":true},"in2DMode":false,"pivot":{"x":0.16351318359375,"y":-0.19493865966796876,"z":1.08642578125},"rotation":{"x":-0.023656900972127916,"y":-0.03150041401386261,"z":-0.0013902430655434728,"w":0.9993463754653931},"size":3.485450267791748,"orthographic":true}