{"cameraMode":{"drawMode":0,"name":"Shaded","section":"Shading Mode"},"sceneLighting":false,"audioPlay":false,"sceneViewState":{"showFog":true,"showMaterialUpdate":false,"showSkybox":false,"showFlares":true,"showImageEffects":true,"showParticleSystems":true},"in2DMode":false,"pivot":{"x":-0.0028021708130836488,"y":0.0,"z":0.004326865077018738},"rotation":{"x":0.36618342995643618,"y":-0.35506680607795718,"z":0.1535560041666031,"w":0.8463685512542725},"size":1.2578747272491456,"orthographic":true}