{"cameraMode":{"drawMode":0,"name":"Shaded","section":"Shading Mode"},"sceneLighting":false,"audioPlay":false,"sceneViewState":{"showFog":true,"showMaterialUpdate":false,"showSkybox":true,"showFlares":true,"showImageEffects":true,"showParticleSystems":true},"in2DMode":false,"pivot":{"x":239.99993896484376,"y":423.24993896484377,"z":0.0},"rotation":{"x":0.13580620288848878,"y":-0.37581396102905276,"z":0.055700477212667468,"w":0.9150391221046448},"size":794.413330078125,"orthographic":true}