{"cameraMode":{"drawMode":0,"name":"Shaded","section":"Shading Mode"},"sceneLighting":false,"audioPlay":false,"sceneViewState":{"showFog":true,"showMaterialUpdate":false,"showSkybox":true,"showFlares":true,"showImageEffects":true,"showParticleSystems":true},"in2DMode":false,"pivot":{"x":-0.06214745342731476,"y":0.22839240729808808,"z":4.256662368774414},"rotation":{"x":-0.03699491545557976,"y":0.7042052745819092,"z":-0.035545043647289279,"w":-0.7083286643028259},"size":1.0152199268341065,"orthographic":false}